timestamp,scenario,label,rpm,speed_kmh,throttle_pct,coolant_temp,maf_gs
2026-03-26T14:21:51.948488,normal,0,2158.93,45.95,24.58,92.42,15.35
2026-03-26T14:21:51.948714,normal,0,2157.9,66.8,19.9,94.18,14.49
2026-03-26T14:21:51.948740,normal,0,2297.57,63.43,34.93,88.08,13.69
2026-03-26T14:21:51.948756,normal,0,2104.92,52.51,19.35,90.03,8.83
2026-03-26T14:21:51.948768,normal,0,1671.92,70.93,16.28,86.82,12.49
2026-03-26T14:21:51.948782,normal,0,2102.34,63.76,27.64,85.12,13.0
2026-03-26T14:21:51.948796,normal,0,2385.85,43.81,40.17,91.58,11.27
2026-03-26T14:21:51.948809,normal,0,1524.53,51.54,34.93,93.29,9.5
2026-03-26T14:21:51.948820,normal,0,1887.1,66.31,18.81,85.88,11.38
2026-03-26T14:21:51.948833,normal,0,1667.08,69.14,34.02,95.3,14.53
2026-03-26T14:21:51.948845,normal,0,1680.46,59.83,17.21,89.64,10.36
2026-03-26T14:21:51.948857,normal,0,1719.18,53.04,17.54,91.6,9.13
2026-03-26T14:21:51.948869,normal,0,1695.89,72.72,26.33,87.68,14.86
2026-03-26T14:21:51.948896,normal,0,2297.16,41.46,12.43,91.55,6.94
2026-03-26T14:21:51.948909,normal,0,1534.75,49.56,18.85,85.94,7.43
2026-03-26T14:21:51.948965,normal,0,2054.69,51.45,26.83,89.68,13.57
2026-03-26T14:21:51.948985,normal,0,2038.37,52.26,31.04,90.39,5.27
2026-03-26T14:21:51.949000,normal,0,1765.1,48.49,18.63,90.02,13.16
2026-03-26T14:21:51.949013,normal,0,1791.26,70.17,27.67,89.01,13.73
2026-03-26T14:21:51.949025,normal,0,1736.65,44.96,35.26,85.59,5.65
2026-03-26T14:21:51.949036,normal,0,1794.83,55.45,32.58,94.41,9.93
2026-03-26T14:21:51.949048,normal,0,2320.08,44.1,38.33,90.75,8.03
2026-03-26T14:21:51.949060,normal,0,2125.92,55.64,31.5,87.31,8.5
2026-03-26T14:21:51.949072,normal,0,1899.35,53.75,24.88,91.41,9.25
2026-03-26T14:21:51.949083,normal,0,1621.08,61.11,40.42,87.59,9.46
2026-03-26T14:21:51.949097,normal,0,1912.01,62.54,21.02,93.43,13.0
2026-03-26T14:21:51.949108,normal,0,2164.03,66.86,34.19,85.37,9.23
2026-03-26T14:21:51.949120,normal,0,1696.86,58.17,19.28,89.74,6.85
2026-03-26T14:21:51.949131,normal,0,1810.8,54.25,34.0,94.11,15.09
2026-03-26T14:21:51.949143,normal,0,2000.35,62.01,21.41,94.08,6.63
2026-03-26T14:21:51.949154,normal,0,1937.33,46.08,24.62,93.79,9.68
2026-03-26T14:21:51.949166,normal,0,2489.17,65.78,35.13,87.76,11.2
2026-03-26T14:21:51.949178,normal,0,2274.06,41.36,27.2,93.09,12.82
2026-03-26T14:21:51.949191,normal,0,2235.13,67.86,37.64,88.05,5.74
2026-03-26T14:21:51.949202,normal,0,1930.79,64.87,24.45,89.83,12.84
2026-03-26T14:21:51.949214,normal,0,2363.4,47.78,35.63,93.53,8.54
2026-03-26T14:21:51.949225,normal,0,1895.64,53.53,37.37,90.99,7.05
2026-03-26T14:21:51.949237,normal,0,2340.48,49.21,35.82,86.54,11.13
2026-03-26T14:21:51.949248,normal,0,1579.99,68.73,38.77,87.59,14.48
2026-03-26T14:21:51.949261,normal,0,1700.3,39.67,17.1,89.1,5.72
2026-03-26T14:21:51.949280,normal,0,1695.85,54.78,23.5,85.37,15.09
2026-03-26T14:21:51.949300,normal,0,2016.69,65.22,16.25,87.89,8.54
2026-03-26T14:21:51.949319,normal,0,1598.33,58.3,27.07,88.71,7.38
2026-03-26T14:21:51.949338,normal,0,2054.45,53.25,37.64,93.19,6.2
2026-03-26T14:21:51.949349,normal,0,2313.75,57.91,19.36,92.95,13.44
2026-03-26T14:21:51.949369,normal,0,2115.98,69.24,18.81,84.67,5.87
2026-03-26T14:21:51.949388,normal,0,1726.72,65.7,15.77,88.2,12.43
2026-03-26T14:21:51.949404,normal,0,1520.84,51.47,26.34,94.08,10.12
2026-03-26T14:21:51.949415,normal,0,1669.64,67.73,32.63,88.23,11.02
2026-03-26T14:21:51.949663,normal,0,2109.04,67.66,36.69,94.5,8.55
2026-03-26T14:21:51.949692,normal,0,2194.51,67.39,14.94,89.4,6.8
2026-03-26T14:21:51.949706,normal,0,1920.76,70.26,20.61,92.38,12.36
2026-03-26T14:21:51.949749,normal,0,1667.33,51.08,21.97,89.23,5.1
2026-03-26T14:21:51.949763,normal,0,1538.19,47.99,18.35,87.09,15.28
2026-03-26T14:21:51.949774,normal,0,2045.65,58.67,16.72,88.61,9.33
2026-03-26T14:21:51.949804,normal,0,1786.92,65.23,25.73,85.66,10.09
2026-03-26T14:21:51.949816,normal,0,2276.55,49.31,32.63,91.69,13.26
2026-03-26T14:21:51.949828,normal,0,2256.18,43.14,29.26,89.63,14.52
2026-03-26T14:21:51.949839,normal,0,1859.56,64.86,20.49,92.46,9.99
2026-03-26T14:21:51.949850,normal,0,1582.89,48.64,36.07,84.95,9.23
2026-03-26T14:21:51.949861,normal,0,1951.39,61.96,30.8,86.21,11.91
2026-03-26T14:21:51.949872,normal,0,2421.2,42.04,38.22,91.97,13.6
2026-03-26T14:21:51.949883,normal,0,2405.03,63.39,15.6,90.87,8.53
2026-03-26T14:21:51.949896,normal,0,1822.82,47.52,20.29,87.14,6.78
2026-03-26T14:21:51.949907,normal,0,1494.46,53.88,37.24,86.33,13.45
2026-03-26T14:21:51.949921,normal,0,2235.31,47.9,34.2,87.65,11.96
2026-03-26T14:21:51.949949,normal,0,1779.55,63.31,26.63,85.69,11.46
2026-03-26T14:21:51.949961,normal,0,2107.76,56.52,28.07,91.54,12.54
2026-03-26T14:21:51.949971,normal,0,1848.58,51.45,37.57,87.76,5.06
2026-03-26T14:21:51.949983,normal,0,1988.54,43.97,38.19,93.47,8.57
2026-03-26T14:21:51.949993,normal,0,1484.58,54.55,25.05,94.8,6.43
2026-03-26T14:21:51.950005,normal,0,2047.78,41.0,25.3,86.47,9.6
2026-03-26T14:21:51.950016,normal,0,1934.91,49.95,18.57,92.45,13.45
2026-03-26T14:21:51.950026,normal,0,1595.09,45.0,30.87,88.33,12.56
2026-03-26T14:21:51.950036,normal,0,2122.37,65.86,25.26,88.37,12.36
2026-03-26T14:21:51.950046,normal,0,2176.56,48.38,27.12,88.25,13.34
2026-03-26T14:21:51.950056,normal,0,2438.13,48.71,35.83,85.36,14.36
2026-03-26T14:21:51.950069,normal,0,2413.2,56.19,34.31,92.82,13.31
2026-03-26T14:21:51.950079,normal,0,2325.04,52.67,28.1,92.75,14.7
2026-03-26T14:21:51.950090,normal,0,2287.43,65.14,36.02,85.14,9.89
2026-03-26T14:21:51.950100,normal,0,2460.22,41.51,27.33,89.13,13.03
2026-03-26T14:21:51.950110,normal,0,2392.24,62.33,21.33,92.5,9.98
2026-03-26T14:21:51.950120,normal,0,1531.76,46.65,39.16,90.59,13.38
2026-03-26T14:21:51.950130,normal,0,2260.03,67.85,23.97,91.69,11.74
2026-03-26T14:21:51.950140,normal,0,2071.22,48.99,35.88,87.09,4.96
2026-03-26T14:21:51.950150,normal,0,2061.05,57.6,15.48,92.75,10.34
2026-03-26T14:21:51.950250,normal,0,1643.4,69.82,29.48,93.22,10.56
2026-03-26T14:21:51.950268,normal,0,2071.3,63.49,38.78,94.16,7.36
2026-03-26T14:21:51.950287,normal,0,1828.26,53.14,18.86,90.26,5.64
2026-03-26T14:21:51.950310,normal,0,2452.57,62.87,15.88,88.02,10.57
2026-03-26T14:21:51.950331,normal,0,2269.91,51.97,19.43,91.98,11.0
2026-03-26T14:21:51.950348,normal,0,1873.82,43.44,20.48,84.97,6.71
2026-03-26T14:21:51.950358,normal,0,2429.12,43.01,27.19,86.2,14.38
2026-03-26T14:21:51.950372,normal,0,2293.06,53.35,24.64,93.6,14.37
2026-03-26T14:21:51.950383,normal,0,1856.33,46.41,38.76,92.65,8.87
2026-03-26T14:21:51.950395,normal,0,1494.42,48.52,36.81,88.87,15.1
2026-03-26T14:21:51.950405,normal,0,1695.94,43.29,35.81,86.76,5.78
2026-03-26T14:21:51.950415,normal,0,2458.26,45.08,15.0,89.64,6.99
2026-03-26T14:21:51.950425,normal,0,1602.28,63.16,30.98,85.35,14.3
2026-03-26T14:21:51.950436,normal,0,1663.23,51.52,29.88,87.0,7.63
2026-03-26T14:21:51.950446,normal,0,1665.39,41.59,29.9,90.45,11.47
2026-03-26T14:21:51.950457,normal,0,1868.05,58.46,30.85,87.0,13.48
2026-03-26T14:21:51.950467,normal,0,1586.18,42.37,40.43,87.39,5.32
2026-03-26T14:21:51.950478,normal,0,1745.98,62.23,30.36,87.81,13.1
2026-03-26T14:21:51.950488,normal,0,1758.09,52.24,37.5,94.77,5.6
2026-03-26T14:21:51.950499,normal,0,2324.09,59.0,16.36,93.4,9.0
2026-03-26T14:21:51.950509,normal,0,1825.14,48.08,37.56,94.07,11.54
2026-03-26T14:21:51.950519,normal,0,1906.43,48.51,33.87,86.35,14.74
2026-03-26T14:21:51.950529,normal,0,1633.79,61.62,38.71,92.29,13.25
2026-03-26T14:21:51.950549,normal,0,2154.9,59.11,29.12,90.06,8.97
2026-03-26T14:21:51.950566,normal,0,2362.07,65.15,15.73,93.18,6.09
2026-03-26T14:21:51.950577,normal,0,2470.09,47.34,30.78,93.61,4.59
2026-03-26T14:21:51.950587,normal,0,1977.96,63.17,18.87,92.39,8.04
2026-03-26T14:21:51.950597,normal,0,1674.71,59.18,24.42,91.66,12.53
2026-03-26T14:21:51.950606,normal,0,1849.22,41.58,18.48,95.12,13.1
2026-03-26T14:21:51.950616,normal,0,2022.3,62.19,26.43,91.62,11.12
2026-03-26T14:21:51.950625,normal,0,2403.25,51.5,20.98,91.67,12.47
2026-03-26T14:21:51.950635,normal,0,2472.5,55.39,23.49,93.24,9.0
2026-03-26T14:21:51.950645,normal,0,1931.73,52.25,32.4,88.62,13.13
2026-03-26T14:21:51.950654,normal,0,1943.17,48.59,36.04,86.34,6.11
2026-03-26T14:21:51.950664,normal,0,1736.86,58.48,27.38,85.15,12.48
2026-03-26T14:21:51.950674,normal,0,2463.87,44.63,34.23,93.5,14.67
2026-03-26T14:21:51.950683,normal,0,1891.37,54.13,21.97,89.7,14.55
2026-03-26T14:21:51.950693,normal,0,2404.73,54.31,19.84,92.01,10.51
2026-03-26T14:21:51.950702,normal,0,1787.67,46.35,23.09,87.83,10.92
2026-03-26T14:21:51.950713,normal,0,2045.06,46.59,22.78,93.34,8.79
2026-03-26T14:21:51.950722,normal,0,2350.58,48.1,32.3,92.61,13.04
2026-03-26T14:21:51.950736,normal,0,2084.96,55.62,32.16,86.56,10.52
2026-03-26T14:21:51.950814,normal,0,2397.38,69.88,29.57,94.92,13.2
2026-03-26T14:21:51.950837,normal,0,2067.41,45.65,35.76,94.45,8.4
2026-03-26T14:21:51.950848,normal,0,2325.45,58.43,26.75,88.73,14.49
2026-03-26T14:21:51.950858,normal,0,2059.83,58.56,26.65,90.82,13.62
2026-03-26T14:21:51.950867,normal,0,1754.28,45.39,16.6,94.39,11.22
2026-03-26T14:21:51.950878,normal,0,1632.07,60.02,18.04,86.48,11.93
2026-03-26T14:21:51.950887,normal,0,2445.84,68.54,17.05,85.28,10.69
2026-03-26T14:21:51.950897,normal,0,2364.06,69.24,38.73,85.19,8.93
2026-03-26T14:21:51.950906,normal,0,2399.66,68.15,23.62,87.25,13.43
2026-03-26T14:21:51.950916,normal,0,1714.42,53.08,30.23,93.78,13.28
2026-03-26T14:21:51.950925,normal,0,1694.43,64.96,20.67,91.8,13.13
2026-03-26T14:21:51.950935,normal,0,2421.06,63.63,28.65,90.7,14.46
2026-03-26T14:21:51.950944,normal,0,1729.13,64.7,33.92,89.29,13.19
2026-03-26T14:21:51.950954,normal,0,2367.6,57.56,36.7,92.19,10.97
2026-03-26T14:21:51.950964,normal,0,1831.78,70.45,14.84,94.07,12.97
2026-03-26T14:21:51.950973,normal,0,1682.81,57.69,32.87,88.29,8.25
2026-03-26T14:21:51.950982,normal,0,1722.96,52.42,17.53,94.97,13.39
2026-03-26T14:21:51.950992,normal,0,2356.23,45.89,40.55,88.86,8.41
2026-03-26T14:21:51.951001,normal,0,2324.29,64.81,23.93,92.21,7.47
2026-03-26T14:21:51.951011,normal,0,2342.24,60.28,13.12,94.5,10.79
2026-03-26T14:21:51.951020,normal,0,2069.4,51.52,35.09,91.88,8.25
2026-03-26T14:21:51.951031,normal,0,2306.67,63.65,30.02,89.74,13.07
2026-03-26T14:21:51.951046,eco,1,1801.99,45.11,17.53,81.84,7.34
2026-03-26T14:21:51.951057,eco,1,1257.01,39.55,15.33,86.87,6.93
2026-03-26T14:21:51.951066,eco,1,1483.72,39.5,20.82,84.76,5.08
2026-03-26T14:21:51.951076,eco,1,1683.62,41.17,23.96,90.03,5.31
2026-03-26T14:21:51.951085,eco,1,1840.59,43.08,17.3,82.95,3.79
2026-03-26T14:21:51.951095,eco,1,1705.44,53.3,24.62,84.76,7.97
2026-03-26T14:21:51.951104,eco,1,1829.29,44.71,17.25,83.17,6.6
2026-03-26T14:21:51.951115,eco,1,1748.37,39.56,11.76,81.71,4.98
2026-03-26T14:21:51.951125,eco,1,1061.88,38.89,18.97,85.09,7.03
2026-03-26T14:21:51.951134,eco,1,1177.07,45.0,24.59,87.47,7.11
2026-03-26T14:21:51.951144,eco,1,1550.03,52.11,21.15,83.53,3.61
2026-03-26T14:21:51.951153,eco,1,1335.78,43.4,20.69,79.67,6.77
2026-03-26T14:21:51.951163,eco,1,1296.02,39.11,12.5,82.4,3.84
2026-03-26T14:21:51.951173,eco,1,1446.64,49.98,13.25,86.61,4.17
2026-03-26T14:21:51.951183,eco,1,1249.15,39.83,14.48,84.18,7.13
2026-03-26T14:21:51.951195,eco,1,1277.36,37.84,23.02,90.87,2.44
2026-03-26T14:21:51.951205,eco,1,1085.2,47.33,17.74,88.12,3.18
2026-03-26T14:21:51.951215,eco,1,1469.94,47.07,13.11,89.17,2.6
2026-03-26T14:21:51.951224,eco,1,1401.53,42.65,23.14,85.2,4.79
2026-03-26T14:21:51.951234,eco,1,1519.6,45.6,20.06,82.57,2.67
2026-03-26T14:21:51.951256,eco,1,1036.2,50.42,21.03,89.58,2.2
2026-03-26T14:21:51.951266,eco,1,1114.21,33.1,13.12,84.29,2.79
2026-03-26T14:21:51.951298,eco,1,1388.19,35.78,10.85,83.49,6.34
2026-03-26T14:21:51.951310,eco,1,1587.71,45.11,14.44,85.91,3.98
2026-03-26T14:21:51.951320,eco,1,1427.0,45.04,21.1,86.47,4.09
2026-03-26T14:21:51.951330,eco,1,1556.89,51.46,16.19,82.11,8.13
2026-03-26T14:21:51.951339,eco,1,1509.06,55.23,22.5,84.3,5.41
2026-03-26T14:21:51.951349,eco,1,1321.87,55.68,24.37,89.32,1.54
2026-03-26T14:21:51.951359,eco,1,1551.3,40.21,24.19,81.84,2.64
2026-03-26T14:21:51.951369,eco,1,1435.46,35.4,18.35,81.37,5.26
2026-03-26T14:21:51.951378,eco,1,1764.96,39.53,19.34,90.01,6.43
2026-03-26T14:21:51.951388,eco,1,1064.68,31.01,20.69,92.36,4.22
2026-03-26T14:21:51.951398,eco,1,1141.25,41.42,13.38,80.59,3.66
2026-03-26T14:21:51.951407,eco,1,1340.38,42.84,14.96,80.34,4.35
2026-03-26T14:21:51.951416,eco,1,1095.82,31.79,12.77,82.74,5.96
2026-03-26T14:21:51.951426,eco,1,1616.47,35.73,15.73,87.24,4.58
2026-03-26T14:21:51.951435,eco,1,1725.61,33.64,16.6,87.68,4.65
2026-03-26T14:21:51.951445,eco,1,1551.03,39.25,22.08,81.41,7.1
2026-03-26T14:21:51.951455,eco,1,1699.38,33.07,12.06,80.97,3.21
2026-03-26T14:21:51.951468,eco,1,1625.26,37.94,16.78,79.89,5.57
2026-03-26T14:21:51.951478,eco,1,1655.53,49.15,9.72,84.36,4.54
2026-03-26T14:21:51.951487,eco,1,1054.05,30.64,19.03,81.52,3.46
2026-03-26T14:21:51.951496,eco,1,1579.41,45.93,12.44,84.88,2.9
2026-03-26T14:21:51.951506,eco,1,1474.62,50.46,13.12,80.3,2.99
2026-03-26T14:21:51.951519,eco,1,1751.22,36.97,9.76,88.87,5.1
2026-03-26T14:21:51.951535,eco,1,1193.29,50.54,20.11,91.07,3.15
2026-03-26T14:21:51.951550,eco,1,1622.48,51.43,23.85,88.41,6.79
2026-03-26T14:21:51.951567,eco,1,1768.53,49.35,22.06,89.23,3.41
2026-03-26T14:21:51.951635,eco,1,1048.12,53.75,23.65,88.1,4.02
2026-03-26T14:21:51.951652,eco,1,1241.85,45.06,23.24,83.42,7.48
2026-03-26T14:21:51.951663,eco,1,1508.93,41.7,11.79,91.44,3.56
2026-03-26T14:21:51.951677,eco,1,1473.39,40.0,15.2,84.28,2.02
2026-03-26T14:21:51.951687,eco,1,1089.27,34.38,18.67,80.72,4.63
2026-03-26T14:21:51.951698,eco,1,1144.33,40.48,17.05,89.72,4.13
2026-03-26T14:21:51.951706,eco,1,1297.8,36.2,20.5,88.53,6.47
2026-03-26T14:21:51.951716,eco,1,1440.52,51.59,15.91,86.07,3.99
2026-03-26T14:21:51.951725,eco,1,1444.81,42.08,12.0,89.2,5.22
2026-03-26T14:21:51.951735,eco,1,1333.68,42.48,18.66,90.52,5.41
2026-03-26T14:21:51.951743,eco,1,1462.06,29.36,20.8,90.07,5.41
2026-03-26T14:21:51.951755,eco,1,1317.24,42.93,10.75,90.65,2.81
2026-03-26T14:21:51.951764,eco,1,1288.99,32.0,15.38,83.04,5.18
2026-03-26T14:21:51.951777,eco,1,978.02,36.8,20.28,88.64,6.4
2026-03-26T14:21:51.951794,eco,1,1418.19,32.63,14.43,87.62,5.06
2026-03-26T14:21:51.951813,eco,1,1564.8,44.86,19.24,91.02,7.03
2026-03-26T14:21:51.951829,eco,1,1810.93,44.18,13.73,85.53,5.19
2026-03-26T14:21:51.951841,eco,1,1701.22,31.04,18.17,83.69,7.58
2026-03-26T14:21:51.951850,eco,1,1570.14,33.54,22.52,82.96,7.16
2026-03-26T14:21:51.951860,eco,1,1243.01,30.74,24.57,86.44,2.27
2026-03-26T14:21:51.951868,eco,1,1128.24,31.99,17.89,79.8,6.83
2026-03-26T14:21:51.951879,eco,1,1364.78,38.06,14.27,85.87,4.5
2026-03-26T14:21:51.951888,eco,1,1215.19,32.13,24.18,84.9,4.03
2026-03-26T14:21:51.951897,eco,1,1464.05,45.05,15.81,90.0,3.96
2026-03-26T14:21:51.951906,eco,1,1578.05,37.03,22.83,84.56,1.35
2026-03-26T14:21:51.951915,eco,1,1430.76,50.16,12.33,84.86,5.01
2026-03-26T14:21:51.951924,eco,1,1575.53,52.76,20.97,92.01,3.12
2026-03-26T14:21:51.951934,eco,1,1702.45,40.74,15.28,88.42,2.01
2026-03-26T14:21:51.951942,eco,1,1750.84,41.81,11.4,84.12,6.72
2026-03-26T14:21:51.951952,eco,1,1299.91,31.14,20.96,88.8,3.07
2026-03-26T14:21:51.951963,eco,1,1557.47,52.4,23.57,80.69,6.35
2026-03-26T14:21:51.951972,eco,1,1716.5,37.04,11.86,86.38,3.37
2026-03-26T14:21:51.951981,eco,1,1173.43,37.75,24.62,87.41,5.51
2026-03-26T14:21:51.952006,eco,1,1116.34,38.72,21.3,85.66,7.82
2026-03-26T14:21:51.952016,eco,1,1543.43,45.2,16.85,87.84,5.7
2026-03-26T14:21:51.952027,eco,1,1542.17,40.53,14.29,91.57,2.5
2026-03-26T14:21:51.952036,eco,1,1157.91,43.74,22.78,79.18,7.61
2026-03-26T14:21:51.952045,eco,1,1385.86,47.25,23.85,81.64,3.11
2026-03-26T14:21:51.952055,eco,1,1804.35,28.31,21.52,81.21,4.14
2026-03-26T14:21:51.952064,eco,1,1290.88,39.03,15.67,83.81,4.16
2026-03-26T14:21:51.952073,eco,1,1137.63,36.53,15.84,81.06,7.36
2026-03-26T14:21:51.952082,eco,1,1652.66,55.31,23.73,81.58,2.79
2026-03-26T14:21:51.952091,eco,1,1344.71,36.18,9.89,87.25,6.41
2026-03-26T14:21:51.952100,eco,1,1682.58,42.52,11.44,82.03,5.75
2026-03-26T14:21:51.952110,eco,1,1515.31,34.19,21.04,88.37,3.85
2026-03-26T14:21:51.952139,eco,1,1218.37,46.98,18.81,92.05,6.21
2026-03-26T14:21:51.952150,eco,1,1089.37,49.55,24.33,88.13,5.15
2026-03-26T14:21:51.952159,eco,1,1408.57,36.02,17.19,87.96,5.65
2026-03-26T14:21:51.952168,eco,1,1331.63,32.53,18.33,82.07,4.49
2026-03-26T14:21:51.952178,eco,1,1734.29,35.29,24.95,89.42,5.63
2026-03-26T14:21:51.952189,eco,1,1471.77,48.36,18.4,87.39,7.21
2026-03-26T14:21:51.952199,eco,1,1326.67,41.46,18.78,89.72,2.59
2026-03-26T14:21:51.952208,eco,1,992.83,29.08,16.21,84.92,6.1
2026-03-26T14:21:51.952218,eco,1,1241.23,40.72,25.62,92.18,5.47
2026-03-26T14:21:51.952226,eco,1,1646.21,48.39,20.05,89.73,3.52
2026-03-26T14:21:51.952235,eco,1,1251.2,39.74,16.25,87.17,2.57
2026-03-26T14:21:51.952244,eco,1,1202.35,43.5,19.29,79.75,3.83
2026-03-26T14:21:51.952253,eco,1,1654.18,30.01,23.02,89.65,5.12
2026-03-26T14:21:51.952262,eco,1,1194.89,33.29,11.35,92.38,6.32
2026-03-26T14:21:51.952271,eco,1,1064.7,54.8,12.95,91.59,7.19
2026-03-26T14:21:51.952280,eco,1,1250.68,48.09,11.64,86.27,2.53
2026-03-26T14:21:51.952289,eco,1,1469.5,52.92,12.13,83.56,5.41
2026-03-26T14:21:51.952298,eco,1,1208.49,35.77,11.54,86.88,5.47
2026-03-26T14:21:51.952308,eco,1,1136.68,37.66,13.03,86.1,6.76
2026-03-26T14:21:51.952317,eco,1,1074.92,49.59,25.57,92.04,6.24
2026-03-26T14:21:51.952325,eco,1,1272.1,38.44,11.88,81.1,7.3
2026-03-26T14:21:51.952334,eco,1,1413.44,44.72,12.15,88.7,3.93
2026-03-26T14:21:51.952344,eco,1,1342.45,35.55,19.12,92.91,2.04
2026-03-26T14:21:51.952352,eco,1,1497.54,49.55,12.73,88.22,3.29
2026-03-26T14:21:51.952363,eco,1,1077.88,51.1,15.5,81.39,3.69
2026-03-26T14:21:51.952372,eco,1,1829.06,33.03,16.23,91.04,4.93
2026-03-26T14:21:51.952385,eco,1,1692.99,53.16,23.3,86.04,4.56
2026-03-26T14:21:51.952394,eco,1,1765.21,32.24,12.75,88.06,5.15
2026-03-26T14:21:51.952404,eco,1,1208.82,52.34,23.33,90.08,3.22
2026-03-26T14:21:51.952412,eco,1,1163.6,53.39,22.55,90.01,3.61
2026-03-26T14:21:51.952422,eco,1,1345.89,31.03,21.4,89.76,6.16
2026-03-26T14:21:51.952430,eco,1,1138.69,43.02,11.18,90.58,5.19
2026-03-26T14:21:51.952446,eco,1,1732.12,39.25,24.02,87.04,2.78
2026-03-26T14:21:51.952461,eco,1,1598.06,37.04,15.13,86.35,4.33
2026-03-26T14:21:51.952472,eco,1,1177.52,39.17,14.4,89.48,4.23
2026-03-26T14:21:51.952481,eco,1,1358.26,38.01,22.85,81.59,4.29
2026-03-26T14:21:51.952490,eco,1,1476.24,33.24,16.25,86.96,2.32
2026-03-26T14:21:51.952499,eco,1,1126.46,32.37,25.75,90.74,3.56
2026-03-26T14:21:51.952508,eco,1,1689.47,33.56,11.7,85.48,3.39
2026-03-26T14:21:51.952517,eco,1,1782.49,49.44,15.98,79.79,5.07
2026-03-26T14:21:51.952526,eco,1,984.9,42.07,16.75,89.09,7.35
2026-03-26T14:21:51.952535,eco,1,1218.98,50.32,23.75,90.64,4.29
2026-03-26T14:21:51.952544,eco,1,1294.65,47.73,9.15,90.11,6.14
2026-03-26T14:21:51.952552,eco,1,1515.91,51.78,12.94,85.03,7.12
2026-03-26T14:21:51.952582,eco,1,1128.78,35.64,12.05,85.46,7.6
2026-03-26T14:21:51.952592,eco,1,1174.77,46.11,9.34,89.55,6.38
2026-03-26T14:21:51.952601,eco,1,1393.82,49.1,11.49,90.6,6.29
2026-03-26T14:21:51.952610,eco,1,1091.0,41.67,12.0,89.67,5.09
2026-03-26T14:21:51.952619,eco,1,1110.75,44.01,17.27,82.82,5.13
2026-03-26T14:21:51.952628,eco,1,1400.37,49.88,23.87,85.93,2.48
2026-03-26T14:21:51.952638,eco,1,1167.67,38.23,21.01,90.86,6.12
2026-03-26T14:21:51.952651,eco,1,1420.53,40.46,19.69,84.15,3.48
2026-03-26T14:21:51.952661,eco,1,1237.74,50.84,16.96,82.46,6.83
2026-03-26T14:21:51.952669,eco,1,1686.55,50.9,23.4,90.02,7.01
2026-03-26T14:21:51.952678,eco,1,1492.16,48.15,14.03,82.34,6.83
2026-03-26T14:21:51.952687,eco,1,1002.08,30.44,22.78,88.5,7.28
2026-03-26T14:21:51.952695,eco,1,1028.09,45.03,25.53,85.38,5.91
2026-03-26T14:21:51.952706,aggressive,2,4626.83,98.55,84.34,102.14,25.07
2026-03-26T14:21:51.952715,aggressive,2,4363.4,135.88,99.59,107.3,42.53
2026-03-26T14:21:51.952724,aggressive,2,4263.24,140.18,88.59,107.53,27.21
2026-03-26T14:21:51.952733,aggressive,2,5503.3,101.19,95.26,108.33,39.41
2026-03-26T14:21:51.952741,aggressive,2,5240.87,104.73,95.96,105.46,42.45
2026-03-26T14:21:51.952750,aggressive,2,5241.62,122.32,78.01,96.25,27.98
2026-03-26T14:21:51.952760,aggressive,2,4678.25,93.06,82.7,99.68,29.0
2026-03-26T14:21:51.952769,aggressive,2,4244.37,106.79,84.98,104.83,33.75
2026-03-26T14:21:51.952778,aggressive,2,3759.43,119.05,90.63,102.65,38.06
2026-03-26T14:21:51.952788,aggressive,2,5212.9,75.45,81.55,95.25,21.28
2026-03-26T14:21:51.952797,aggressive,2,4266.88,116.38,67.6,100.07,35.55
2026-03-26T14:21:51.952805,aggressive,2,5350.17,126.44,89.41,103.21,21.87
2026-03-26T14:21:51.952814,aggressive,2,4960.08,122.92,68.09,104.09,22.92
2026-03-26T14:21:51.952823,aggressive,2,4094.99,118.68,73.33,98.45,37.45
2026-03-26T14:21:51.952832,aggressive,2,4510.96,98.34,88.07,107.26,40.47
2026-03-26T14:21:51.952840,aggressive,2,4958.13,126.33,65.43,99.7,21.85
2026-03-26T14:21:51.952849,aggressive,2,4775.61,108.67,92.19,105.26,28.95
2026-03-26T14:21:51.952857,aggressive,2,4926.02,101.68,68.85,96.12,34.13
2026-03-26T14:21:51.952865,aggressive,2,4593.63,123.7,72.56,107.41,28.06
2026-03-26T14:21:51.952877,aggressive,2,4837.86,107.9,83.82,104.47,38.24
2026-03-26T14:21:51.952885,aggressive,2,4906.56,86.76,62.47,99.14,34.47
2026-03-26T14:21:51.952894,aggressive,2,5559.5,121.88,70.01,106.54,29.71
2026-03-26T14:21:51.952903,aggressive,2,4340.54,90.75,74.18,104.89,41.53
2026-03-26T14:21:51.952911,aggressive,2,4265.69,113.57,71.83,108.04,39.61
2026-03-26T14:21:51.952920,aggressive,2,5204.45,128.61,81.95,98.12,40.28
2026-03-26T14:21:51.952929,aggressive,2,5187.75,134.07,68.05,104.84,38.75
2026-03-26T14:21:51.952939,aggressive,2,4712.13,128.51,78.54,98.02,35.25
2026-03-26T14:21:51.952952,aggressive,2,4606.24,92.24,89.57,100.98,36.72
2026-03-26T14:21:51.952967,aggressive,2,4610.99,129.9,80.7,105.0,33.99
2026-03-26T14:21:51.952980,aggressive,2,3972.19,116.87,73.31,94.56,31.47
2026-03-26T14:21:51.952989,aggressive,2,4670.23,94.87,81.54,105.72,41.05
2026-03-26T14:21:51.952998,aggressive,2,4788.43,142.08,96.66,98.13,31.46
2026-03-26T14:21:51.953007,aggressive,2,4314.85,112.19,90.97,100.78,30.38
2026-03-26T14:21:51.953015,aggressive,2,4778.75,89.52,85.56,100.35,20.7
2026-03-26T14:21:51.953024,aggressive,2,5229.47,93.54,70.15,97.46,24.72
2026-03-26T14:21:51.953032,aggressive,2,3675.0,91.99,84.46,101.07,40.19
2026-03-26T14:21:51.953041,aggressive,2,5248.1,91.27,73.84,101.71,19.06
2026-03-26T14:21:51.953049,aggressive,2,4671.29,137.37,64.84,105.88,33.43
2026-03-26T14:21:51.953058,aggressive,2,4998.45,83.07,85.22,104.6,21.33
2026-03-26T14:21:51.953066,aggressive,2,3678.8,89.63,67.37,102.62,34.38
2026-03-26T14:21:51.953075,aggressive,2,5520.96,122.81,63.37,102.29,37.62
2026-03-26T14:21:51.953084,aggressive,2,5544.57,135.23,75.62,97.49,27.73
2026-03-26T14:21:51.953092,aggressive,2,3592.42,90.89,87.9,104.72,42.9
2026-03-26T14:21:51.953101,aggressive,2,5402.01,84.69,94.54,102.24,41.06
2026-03-26T14:21:51.953110,aggressive,2,3887.98,105.88,80.6,105.14,30.95
2026-03-26T14:21:51.953123,aggressive,2,5387.22,119.83,83.32,104.23,38.14
2026-03-26T14:21:51.953132,aggressive,2,4675.19,119.52,78.39,105.12,23.06
2026-03-26T14:21:51.953140,aggressive,2,4308.67,105.8,83.47,102.12,43.43
2026-03-26T14:21:51.953150,aggressive,2,4115.91,131.07,77.8,95.65,38.65
2026-03-26T14:21:51.953158,aggressive,2,3771.15,134.6,86.72,99.67,36.9
2026-03-26T14:21:51.953166,aggressive,2,5043.34,134.61,70.4,101.88,39.47
2026-03-26T14:21:51.953175,aggressive,2,4124.62,82.94,82.27,96.07,27.61
2026-03-26T14:21:51.953183,aggressive,2,5454.38,82.99,72.45,99.24,36.73
2026-03-26T14:21:51.953192,aggressive,2,5521.49,91.55,70.54,101.21,21.56
2026-03-26T14:21:51.953201,aggressive,2,4521.91,97.26,72.38,95.47,23.63
2026-03-26T14:21:51.953209,aggressive,2,4217.1,130.44,58.96,98.14,42.17
2026-03-26T14:21:51.953217,aggressive,2,5120.14,100.25,80.91,107.77,25.13
2026-03-26T14:21:51.953227,aggressive,2,4164.67,104.64,91.29,104.93,36.08
2026-03-26T14:21:51.953235,aggressive,2,4403.85,121.0,74.97,94.97,27.99
2026-03-26T14:21:51.953244,aggressive,2,3827.15,109.67,82.52,101.14,34.96
2026-03-26T14:21:51.953252,aggressive,2,4622.04,110.75,63.43,106.74,40.19
2026-03-26T14:21:51.953261,aggressive,2,3977.97,92.46,88.59,100.3,21.79
2026-03-26T14:21:51.953269,aggressive,2,3519.72,129.28,86.84,95.21,32.96
2026-03-26T14:21:51.953277,aggressive,2,4059.95,116.04,94.91,99.35,33.06
2026-03-26T14:21:51.953285,aggressive,2,5073.12,128.47,83.43,102.86,41.34
2026-03-26T14:21:51.953299,aggressive,2,4415.16,102.48,60.65,107.38,37.13
2026-03-26T14:21:51.953313,aggressive,2,3600.98,106.8,66.73,108.18,20.97
2026-03-26T14:21:51.953325,aggressive,2,3690.47,107.7,68.13,104.25,38.23
2026-03-26T14:21:51.953334,aggressive,2,3933.13,91.43,62.06,98.23,42.8
2026-03-26T14:21:51.953346,aggressive,2,3510.29,131.8,93.1,103.27,25.59
2026-03-26T14:21:51.953354,aggressive,2,4023.18,85.39,78.73,102.35,36.23
2026-03-26T14:21:51.953364,aggressive,2,4767.55,84.88,92.04,102.82,27.63
2026-03-26T14:21:51.953372,aggressive,2,4061.07,90.74,64.34,106.42,25.54
2026-03-26T14:21:51.953381,aggressive,2,4178.01,93.51,92.97,105.61,33.61
2026-03-26T14:21:51.953388,aggressive,2,3659.76,88.02,84.72,105.43,23.09
2026-03-26T14:21:51.953398,aggressive,2,4249.52,86.98,92.94,104.87,40.61
2026-03-26T14:21:51.953406,aggressive,2,3545.9,114.42,83.33,105.1,25.33
2026-03-26T14:21:51.953414,aggressive,2,3660.0,116.05,82.64,102.21,28.84
2026-03-26T14:21:51.953422,aggressive,2,4314.15,123.69,69.91,99.8,25.43
2026-03-26T14:21:51.953431,aggressive,2,3542.95,120.25,60.92,101.08,31.9
2026-03-26T14:21:51.953439,aggressive,2,5540.86,88.89,91.84,99.56,27.35
2026-03-26T14:21:51.953448,aggressive,2,5200.25,105.39,65.22,96.19,41.2
2026-03-26T14:21:51.953455,aggressive,2,5022.08,81.77,61.13,105.56,24.61
2026-03-26T14:21:51.953463,aggressive,2,5340.76,116.79,77.28,105.38,43.41
2026-03-26T14:21:51.953473,aggressive,2,4282.08,134.07,63.61,98.71,27.87
2026-03-26T14:21:51.953481,aggressive,2,4339.52,108.51,62.63,99.64,44.03
2026-03-26T14:21:51.953489,aggressive,2,3573.62,89.64,79.01,106.26,21.12
2026-03-26T14:21:51.953511,aggressive,2,3917.02,120.83,88.99,96.05,38.81
2026-03-26T14:21:51.953519,aggressive,2,4316.39,116.5,75.37,94.85,24.69
2026-03-26T14:21:51.953527,aggressive,2,5011.95,128.3,88.76,104.12,40.44
2026-03-26T14:21:51.953535,aggressive,2,5115.62,102.77,67.56,107.36,34.25
2026-03-26T14:21:51.953543,aggressive,2,4406.09,89.86,66.89,97.46,36.19
2026-03-26T14:21:51.953551,aggressive,2,5057.95,93.96,67.08,96.82,29.45
2026-03-26T14:21:51.953559,aggressive,2,4351.96,136.58,77.12,105.37,27.39
2026-03-26T14:21:51.953567,aggressive,2,5382.12,105.88,71.24,103.37,36.15
2026-03-26T14:21:51.953575,aggressive,2,3794.28,94.28,74.5,98.74,29.62
2026-03-26T14:21:51.953584,aggressive,2,4808.65,131.25,76.29,103.52,37.76
2026-03-26T14:21:51.953593,aggressive,2,5426.78,101.79,82.03,104.45,24.03
2026-03-26T14:21:51.953601,aggressive,2,4214.51,83.82,76.74,98.02,24.7
2026-03-26T14:21:51.953609,aggressive,2,4328.06,110.27,95.24,95.54,31.04
2026-03-26T14:21:51.953616,aggressive,2,4007.06,134.75,72.65,103.48,39.52
2026-03-26T14:21:51.953625,aggressive,2,4146.02,97.76,63.44,105.54,37.36
2026-03-26T14:21:51.953633,aggressive,2,4333.41,97.5,80.07,106.86,41.41
2026-03-26T14:21:51.953641,aggressive,2,4900.14,132.31,74.76,100.49,22.69
2026-03-26T14:21:51.953651,aggressive,2,5107.86,105.33,90.31,100.84,37.31
2026-03-26T14:21:51.953659,aggressive,2,4714.12,89.39,81.84,99.66,31.97
2026-03-26T14:21:51.953668,aggressive,2,3380.89,116.08,81.66,103.83,41.09
2026-03-26T14:21:51.953676,aggressive,2,3636.58,135.15,59.44,103.12,19.58
2026-03-26T14:21:51.953684,aggressive,2,5040.72,121.52,70.72,98.68,30.03
2026-03-26T14:21:51.953692,aggressive,2,4690.95,102.9,75.63,103.06,26.21
2026-03-26T14:21:51.953700,aggressive,2,4150.47,96.05,93.29,102.85,25.45
2026-03-26T14:21:51.953708,aggressive,2,4887.42,116.94,90.9,102.66,36.68
2026-03-26T14:21:51.953715,aggressive,2,3734.12,99.54,71.44,101.72,21.47
2026-03-26T14:21:51.953723,aggressive,2,5245.37,74.9,65.93,101.94,35.05
2026-03-26T14:21:51.953731,aggressive,2,4514.84,119.03,93.76,100.98,26.96
2026-03-26T14:21:51.953739,aggressive,2,4578.62,101.53,64.85,98.07,42.3
2026-03-26T14:21:51.953746,aggressive,2,4087.48,124.71,75.88,96.16,25.42
2026-03-26T14:21:51.953754,aggressive,2,3561.36,99.26,63.19,104.63,39.95
2026-03-26T14:21:51.953762,aggressive,2,5597.88,107.37,71.62,106.46,31.87
2026-03-26T14:21:51.953772,aggressive,2,4956.88,127.19,62.26,96.73,43.83
2026-03-26T14:21:51.953780,aggressive,2,4840.42,142.45,73.98,106.6,43.4
2026-03-26T14:21:51.953791,aggressive,2,4591.6,141.91,92.4,105.93,28.26
2026-03-26T14:21:51.953799,aggressive,2,4573.17,112.68,70.52,96.04,28.62
2026-03-26T14:21:51.953809,aggressive,2,4460.36,83.66,61.94,106.94,34.7
2026-03-26T14:21:51.953817,aggressive,2,5423.83,102.48,83.64,99.28,26.99
2026-03-26T14:21:51.953825,aggressive,2,3931.29,89.9,77.31,98.49,36.23
2026-03-26T14:21:51.953832,aggressive,2,3770.04,116.77,85.05,107.77,26.11
2026-03-26T14:21:51.953840,aggressive,2,5214.43,127.5,71.31,102.96,43.68
2026-03-26T14:21:51.953848,aggressive,2,4254.03,129.21,67.02,102.73,23.45
2026-03-26T14:21:51.953856,aggressive,2,4578.1,102.25,93.67,96.2,18.73
2026-03-26T14:21:51.953863,aggressive,2,3978.62,117.14,88.48,103.4,32.92
2026-03-26T14:21:51.953871,aggressive,2,4914.34,114.13,76.13,107.68,40.62
2026-03-26T14:21:51.953879,aggressive,2,4566.25,133.35,82.75,103.18,38.84
2026-03-26T14:21:51.953887,aggressive,2,5169.47,77.62,64.6,104.63,22.52
2026-03-26T14:21:51.953895,aggressive,2,4553.43,115.08,94.76,97.7,24.05
2026-03-26T14:21:51.953903,aggressive,2,4829.02,102.87,87.48,97.95,33.23
2026-03-26T14:21:51.953912,aggressive,2,5341.19,115.18,90.46,103.27,25.58
2026-03-26T14:21:51.953920,aggressive,2,4316.33,109.72,89.65,101.4,32.11
2026-03-26T14:21:51.953927,aggressive,2,4797.25,125.38,85.46,97.19,30.48
2026-03-26T14:21:51.953935,aggressive,2,4989.99,131.57,64.29,105.11,34.16
2026-03-26T14:21:51.953942,aggressive,2,3688.59,85.14,84.67,100.46,31.58
2026-03-26T14:21:51.953950,aggressive,2,4830.05,130.74,74.39,100.9,33.16
2026-03-26T14:21:51.953957,aggressive,2,5373.14,126.42,86.21,104.55,27.94
2026-03-26T14:21:51.953967,aggressive,2,3761.97,87.3,66.52,95.28,43.1
2026-03-26T14:21:51.953974,aggressive,2,4661.24,94.44,64.4,102.5,36.75
2026-03-26T14:21:51.953982,aggressive,2,3992.78,106.78,56.96,95.99,23.12
2026-03-26T14:21:51.953990,aggressive,2,4599.85,125.28,60.54,101.36,29.14
2026-03-26T14:21:51.953999,aggressive,2,4724.8,90.58,62.5,98.26,20.81
2026-03-26T14:21:51.954007,aggressive,2,3520.03,116.7,75.99,98.94,18.67
2026-03-26T14:21:51.954014,aggressive,2,4398.46,130.28,64.91,106.9,27.22
2026-03-26T14:21:51.954022,highway,3,2563.33,135.29,49.06,90.56,28.09
2026-03-26T14:21:51.954030,highway,3,2963.55,106.71,43.97,89.99,16.83
2026-03-26T14:21:51.954038,highway,3,2860.09,111.13,48.0,93.14,16.61
2026-03-26T14:21:51.954045,highway,3,3360.69,107.25,51.02,95.98,29.58
2026-03-26T14:21:51.954053,highway,3,2917.14,111.42,49.64,98.54,26.26
2026-03-26T14:21:51.954061,highway,3,2578.15,136.85,52.59,99.19,20.52
2026-03-26T14:21:51.954068,highway,3,3113.23,115.06,59.0,97.89,28.97
2026-03-26T14:21:51.954077,highway,3,3042.67,134.33,42.78,88.17,28.39
2026-03-26T14:21:51.954084,highway,3,2566.98,102.73,41.92,91.49,22.65
2026-03-26T14:21:51.954092,highway,3,2860.99,103.92,43.32,92.12,27.5
2026-03-26T14:21:51.954099,highway,3,3270.21,133.51,41.03,90.87,24.6
2026-03-26T14:21:51.954107,highway,3,3020.59,117.42,53.58,91.02,21.25
2026-03-26T14:21:51.954116,highway,3,2602.86,136.55,57.65,93.48,28.14
2026-03-26T14:21:51.954131,highway,3,3050.8,108.83,40.84,97.3,30.2
2026-03-26T14:21:51.954139,highway,3,2761.95,130.42,40.31,89.72,22.24
2026-03-26T14:21:51.954146,highway,3,3292.86,118.32,56.35,92.56,15.81
2026-03-26T14:21:51.954154,highway,3,2851.64,121.51,54.35,92.05,15.88
2026-03-26T14:21:51.954161,highway,3,2873.72,119.3,55.58,98.02,16.64
2026-03-26T14:21:51.954170,highway,3,3254.42,132.18,55.22,98.25,25.68
2026-03-26T14:21:51.954178,highway,3,2932.04,97.78,46.31,100.19,14.83
2026-03-26T14:21:51.954187,highway,3,2521.1,134.53,47.99,98.32,28.85
2026-03-26T14:21:51.954194,highway,3,3114.63,112.45,44.59,91.4,17.16
2026-03-26T14:21:51.954202,highway,3,2675.46,133.81,36.01,97.77,16.18
2026-03-26T14:21:51.954211,highway,3,3385.65,141.1,48.79,97.88,24.21
2026-03-26T14:21:51.954218,highway,3,3453.38,132.12,38.51,96.62,23.42
2026-03-26T14:21:51.954226,highway,3,3313.23,124.68,44.6,92.28,23.72
2026-03-26T14:21:51.954233,highway,3,2811.47,115.53,39.53,89.32,29.36
2026-03-26T14:21:51.954240,highway,3,2990.82,102.16,47.0,99.3,20.59
2026-03-26T14:21:51.954247,highway,3,3101.76,100.13,56.77,97.56,16.6
2026-03-26T14:21:51.954254,highway,3,2506.4,130.44,39.64,96.59,22.09
2026-03-26T14:21:51.954261,highway,3,3232.66,128.59,37.07,95.21,22.1
2026-03-26T14:21:51.954269,highway,3,3348.07,106.6,59.7,93.7,26.86
2026-03-26T14:21:51.954278,highway,3,2798.85,128.48,52.83,92.38,30.65
2026-03-26T14:21:51.954286,highway,3,2688.81,102.19,59.98,96.29,28.61
2026-03-26T14:21:51.954293,highway,3,3138.35,117.23,60.56,91.94,15.96
2026-03-26T14:21:51.954302,highway,3,2798.35,119.99,48.41,91.31,28.22
2026-03-26T14:21:51.954309,highway,3,3018.67,123.58,43.63,94.05,26.09
2026-03-26T14:21:51.954317,highway,3,3169.09,110.71,48.98,99.65,23.86
2026-03-26T14:21:51.954324,highway,3,2916.19,132.42,41.5,95.71,23.77
2026-03-26T14:21:51.954331,highway,3,2812.9,136.26,42.15,91.27,19.59
2026-03-26T14:21:51.954338,highway,3,2671.27,115.49,49.14,98.72,22.43
2026-03-26T14:21:51.954346,highway,3,3289.64,111.42,45.26,98.0,19.94
2026-03-26T14:21:51.954353,highway,3,3005.88,133.53,42.98,88.23,22.65
2026-03-26T14:21:51.954360,highway,3,2978.52,110.36,40.64,92.1,29.07
2026-03-26T14:21:51.954367,highway,3,2697.55,111.68,48.94,92.7,17.94
2026-03-26T14:21:51.954375,highway,3,2962.93,108.91,36.77,88.49,20.28
2026-03-26T14:21:51.954381,highway,3,3310.94,136.3,45.12,93.58,28.74
2026-03-26T14:21:51.954389,highway,3,2885.65,104.54,57.32,98.09,15.85
2026-03-26T14:21:51.954417,highway,3,2882.52,111.78,52.3,90.39,16.92
2026-03-26T14:21:51.954425,highway,3,2663.88,126.94,58.65,95.92,17.5
2026-03-26T14:21:51.954433,highway,3,3173.13,103.49,36.4,90.5,25.92
2026-03-26T14:21:51.954442,highway,3,2633.57,126.48,47.07,100.2,27.48
2026-03-26T14:21:51.954449,highway,3,3465.42,141.68,43.88,88.69,28.44
2026-03-26T14:21:51.954456,highway,3,2857.42,114.13,46.71,88.84,16.24
2026-03-26T14:21:51.954463,highway,3,2827.33,110.81,44.99,90.34,22.74
2026-03-26T14:21:51.954470,highway,3,2499.2,139.99,56.65,92.48,24.7
2026-03-26T14:21:51.954477,highway,3,3068.7,134.72,56.97,95.46,19.51
2026-03-26T14:21:51.954484,highway,3,3416.52,128.5,44.69,97.14,15.12
2026-03-26T14:21:51.954491,highway,3,2678.58,136.71,53.05,90.17,25.56
2026-03-26T14:21:51.954498,highway,3,3469.67,130.96,48.8,98.86,19.15
2026-03-26T14:21:51.954505,highway,3,2862.43,134.53,39.36,90.87,23.49
2026-03-26T14:21:51.954512,highway,3,2651.81,123.82,47.9,90.36,17.37
2026-03-26T14:21:51.954519,highway,3,3443.27,119.25,53.86,92.86,15.77
2026-03-26T14:21:51.954526,highway,3,2723.51,113.53,56.98,94.36,30.16
2026-03-26T14:21:51.954532,highway,3,3289.07,137.53,47.37,90.35,22.27
2026-03-26T14:21:51.954539,highway,3,2728.85,121.32,58.3,95.92,22.07
2026-03-26T14:21:51.954546,highway,3,2718.86,130.1,49.05,93.49,24.82
2026-03-26T14:21:51.954554,highway,3,2779.96,117.87,48.7,96.15,17.3
2026-03-26T14:21:51.954561,highway,3,2441.13,118.99,52.59,90.38,24.83
2026-03-26T14:21:51.954568,highway,3,3145.46,137.45,35.71,96.37,18.93
2026-03-26T14:21:51.954574,highway,3,3181.5,112.03,50.47,97.54,16.36
2026-03-26T14:21:51.954586,highway,3,3012.64,123.85,58.42,88.77,22.17
2026-03-26T14:21:51.954593,highway,3,3312.17,132.62,38.41,96.1,24.0
2026-03-26T14:21:51.954602,highway,3,2762.53,133.81,44.47,98.27,21.27
2026-03-26T14:21:51.954609,highway,3,2517.89,133.55,55.78,93.25,29.63
2026-03-26T14:21:51.954616,highway,3,2719.95,130.04,57.39,91.68,19.91
2026-03-26T14:21:51.954623,highway,3,3238.87,131.76,48.39,97.9,30.5
2026-03-26T14:21:51.954630,highway,3,2777.48,101.58,56.76,89.7,14.38
2026-03-26T14:21:51.954637,highway,3,2504.03,104.02,42.68,91.45,24.08
2026-03-26T14:21:51.954644,highway,3,3516.62,122.25,49.21,96.41,25.41
2026-03-26T14:21:51.954651,highway,3,2593.52,125.45,45.83,99.07,16.85
2026-03-26T14:21:51.954659,highway,3,2635.1,136.65,46.61,97.75,27.96
2026-03-26T14:21:51.954665,highway,3,3065.29,114.88,47.97,87.18,19.33
2026-03-26T14:21:51.954672,highway,3,3494.55,103.09,50.1,93.71,28.23
2026-03-26T14:21:51.954679,highway,3,2717.5,134.46,44.22,94.11,28.19
2026-03-26T14:21:51.954686,highway,3,3362.83,121.61,53.86,93.1,27.39
2026-03-26T14:21:51.954693,highway,3,3189.51,116.42,59.69,91.96,26.7
2026-03-26T14:21:51.954701,highway,3,3102.04,106.13,38.65,99.7,28.32
2026-03-26T14:21:51.954707,highway,3,2653.43,116.65,48.21,96.39,29.43
2026-03-26T14:21:51.954715,highway,3,2955.59,134.21,49.58,92.98,28.74
2026-03-26T14:21:51.954723,highway,3,3471.13,132.44,38.44,94.27,24.86
2026-03-26T14:21:51.954731,highway,3,3027.57,104.26,56.06,96.58,16.43
2026-03-26T14:21:51.954738,highway,3,2559.88,136.74,52.32,95.92,22.03
2026-03-26T14:21:51.954745,highway,3,2655.91,120.89,47.3,90.53,15.46
2026-03-26T14:21:51.954752,highway,3,3192.15,106.37,43.85,89.78,22.27
2026-03-26T14:21:51.954759,highway,3,2697.51,125.95,50.32,96.48,14.84
2026-03-26T14:21:51.954766,highway,3,2793.4,119.75,45.56,89.22,16.61
2026-03-26T14:21:51.954773,highway,3,2814.49,134.01,49.5,92.75,22.4
2026-03-26T14:21:51.954780,highway,3,2566.06,121.62,39.31,87.59,26.59
2026-03-26T14:21:51.954790,highway,3,3158.09,127.41,43.56,98.47,17.98
2026-03-26T14:21:51.954797,highway,3,3019.46,124.41,41.69,96.74,19.73
2026-03-26T14:21:51.954804,highway,3,2669.93,122.29,50.78,91.49,23.44
2026-03-26T14:21:51.954811,highway,3,3084.39,124.95,44.42,96.77,17.92
2026-03-26T14:21:51.954818,highway,3,2708.74,111.51,42.7,97.26,23.59
2026-03-26T14:21:51.954825,highway,3,3247.66,110.18,44.52,95.87,25.73
2026-03-26T14:21:51.954832,highway,3,3095.23,103.13,56.78,98.9,29.95
2026-03-26T14:21:51.954839,highway,3,3538.49,133.2,37.54,96.63,20.06
2026-03-26T14:21:51.954846,highway,3,3567.94,121.52,51.91,98.35,16.8
2026-03-26T14:21:51.954853,highway,3,3350.62,130.65,41.49,90.2,29.27
2026-03-26T14:21:51.954860,highway,3,3170.19,99.73,56.43,99.02,25.84
2026-03-26T14:21:51.954882,highway,3,2541.02,121.61,34.76,100.16,27.5
2026-03-26T14:21:51.954890,highway,3,3432.39,124.36,54.63,89.94,23.68
2026-03-26T14:21:51.954897,highway,3,2608.5,100.13,36.47,89.87,20.1
2026-03-26T14:21:51.954906,highway,3,3173.43,112.69,41.64,97.58,23.46
2026-03-26T14:21:51.954912,highway,3,2762.96,121.0,45.67,92.07,28.63
2026-03-26T14:21:51.954919,highway,3,2581.76,125.04,60.96,91.79,25.53
2026-03-26T14:21:51.954925,highway,3,2543.13,113.35,54.39,97.16,20.38
2026-03-26T14:21:51.954932,highway,3,3460.72,110.78,41.16,94.63,17.04
2026-03-26T14:21:51.954938,highway,3,2822.22,137.06,38.79,98.66,20.87
2026-03-26T14:21:51.954945,highway,3,2724.61,109.81,46.36,95.62,15.14
2026-03-26T14:21:51.954951,highway,3,3411.61,120.69,54.73,92.04,28.8
2026-03-26T14:21:51.954958,highway,3,2524.54,118.84,45.52,87.07,26.08
2026-03-26T14:21:51.954965,highway,3,3418.54,109.33,57.31,93.06,26.55
2026-03-26T14:21:51.954974,highway,3,2822.09,137.03,39.05,89.24,22.05
2026-03-26T14:21:51.954981,highway,3,3332.35,134.3,56.5,93.96,16.82
2026-03-26T14:21:51.954989,highway,3,2610.39,115.08,46.88,92.44,14.86
2026-03-26T14:21:51.954996,highway,3,3087.22,124.42,35.55,94.95,23.64
2026-03-26T14:21:51.955003,highway,3,3134.13,108.97,42.97,94.61,27.54
2026-03-26T14:21:51.955010,highway,3,3214.37,101.12,38.27,96.77,17.21
2026-03-26T14:21:51.955017,highway,3,2994.56,104.11,48.67,97.17,24.06
2026-03-26T14:21:51.955024,highway,3,3045.16,127.02,44.12,91.18,16.78
2026-03-26T14:21:51.955031,highway,3,2555.44,97.85,50.03,94.28,27.87
2026-03-26T14:21:51.955037,highway,3,2944.65,134.34,58.57,92.75,17.67
2026-03-26T14:21:51.955044,highway,3,2704.89,109.04,48.54,96.98,20.11
2026-03-26T14:21:51.955050,highway,3,2937.48,103.65,49.51,100.32,23.1
2026-03-26T14:21:51.955057,highway,3,3500.63,121.52,35.15,91.33,26.98
2026-03-26T14:21:51.955063,highway,3,2883.6,103.92,48.06,95.63,21.02
2026-03-26T14:21:51.955070,highway,3,2916.26,129.2,49.2,93.35,13.87
2026-03-26T14:21:51.955076,highway,3,3428.12,102.84,42.89,95.13,17.81
2026-03-26T14:21:51.955083,highway,3,3356.58,126.59,59.08,91.84,17.51
2026-03-26T14:21:51.955089,highway,3,2997.92,98.59,40.16,90.19,15.72
2026-03-26T14:21:51.955096,highway,3,2863.15,124.84,44.54,98.78,17.31
2026-03-26T14:21:51.955102,highway,3,3186.44,126.33,36.37,90.74,19.95
2026-03-26T14:21:51.955111,highway,3,2962.24,115.0,57.24,94.65,16.64
2026-03-26T14:21:51.955117,highway,3,3232.68,133.39,34.1,98.83,14.14
2026-03-26T14:21:51.955124,highway,3,3234.04,126.13,42.72,90.38,17.29
2026-03-26T14:21:51.955130,highway,3,3085.94,111.46,36.53,88.04,27.8
2026-03-26T14:21:51.955141,highway,3,2964.61,127.08,40.94,95.28,26.51
2026-03-26T14:21:51.955147,highway,3,3392.26,109.09,41.22,95.6,15.05
2026-03-26T14:21:51.955206,highway,3,2623.29,110.33,51.33,98.97,28.84
